Conta,Campanha,Grupo de anúncios,Palavra-chave / Termo,Tipo,Impressões,Cliques,Custo,Conversões,Valor de conversão,Parcela de impressões de pesquisa,Parcela perdida (orçamento),Parcela perdida (classificação)
Adroq Cliente X,Search - Marca,Marca Exata,marca exata kw1,Palavra-chave,2671,457,218.11,45.45,7144.13,0.608,0.455,0
Adroq Cliente X,Search - Marca,Marca Exata,marca exata kw2,Palavra-chave,3717,464,507.54,6.05,934.03,0.497,0.413,0.09
Adroq Cliente X,Search - Marca,Marca Exata,marca exata kw3,Palavra-chave,2228,541,762.27,38.98,5095.73,0.61,0.025,0.365
Adroq Cliente X,Search - Marca,Marca Exata,marca exata kw4,Palavra-chave,3822,481,853.08,18.42,3652.49,0.282,0.154,0.564
Adroq Cliente X,Search - Marca,Marca Exata,marca exata kw5,Palavra-chave,3161,421,553.16,11.2,1790.8,0.698,0.282,0.02
Adroq Cliente X,Search - Marca,Marca Exata,termo pesquisa Sear0,Termo de pesquisa,1066,88,784.29,3.75,2100.71,,,
Adroq Cliente X,Search - Marca,Marca Exata,termo pesquisa Sear1,Termo de pesquisa,790,39,203.95,0,0,,,
Adroq Cliente X,Search - Marca,Marca Exata,termo pesquisa Sear2,Termo de pesquisa,1647,32,98.05,0,0,,,
Adroq Cliente X,Search - Marca,Marca Ampla,marca ampla kw1,Palavra-chave,5827,1251,1076.74,147.27,26039.39,0.493,0.379,0.128
Adroq Cliente X,Search - Marca,Marca Ampla,marca ampla kw2,Palavra-chave,2690,649,697.49,75.05,10780.84,0.591,0.395,0.014
Adroq Cliente X,Search - Marca,Marca Ampla,marca ampla kw3,Palavra-chave,5340,876,841.21,54.42,39914.43,0.248,0.047,0.705
Adroq Cliente X,Search - Marca,Marca Ampla,marca ampla kw4,Palavra-chave,4622,839,1227.16,10.05,6585.0,0.653,0.497,0
Adroq Cliente X,Search - Marca,Marca Ampla,marca ampla kw5,Palavra-chave,7501,1177,1197.32,96.39,9494.57,0.523,0.084,0.393
Adroq Cliente X,Search - Marca,Marca Ampla,marca ampla kw6,Palavra-chave,2118,390,292.16,14.84,10172.2,0.479,0.458,0.063
Adroq Cliente X,Search - Marca,Marca Ampla,termo pesquisa Sear0,Termo de pesquisa,215,22,172.47,1.58,799.52,,,
Adroq Cliente X,Search - Marca,Marca Ampla,termo pesquisa Sear1,Termo de pesquisa,1819,71,398.98,0,0,,,
Adroq Cliente X,Search - Marca,Marca Ampla,termo pesquisa Sear2,Termo de pesquisa,784,88,1187.52,1.81,310.66,,,
Adroq Cliente X,Search - Marca,Marca Ampla,termo pesquisa Sear3,Termo de pesquisa,525,85,427.84,0,0,,,
Adroq Cliente X,Search - Marca,Marca Ampla,termo pesquisa Sear4,Termo de pesquisa,1256,24,129.98,0,0,,,
Adroq Cliente X,Search - Genrico FX,Conta FX,conta fx kw1,Palavra-chave,8958,354,3037.06,40.57,26216.53,0.561,0.309,0.13
Adroq Cliente X,Search - Genrico FX,Conta FX,conta fx kw2,Palavra-chave,1084,50,619.36,5.72,3649.77,0.591,0.199,0.21
Adroq Cliente X,Search - Genrico FX,Conta FX,conta fx kw3,Palavra-chave,6657,121,1140.86,1.47,198.78,0.346,0.081,0.573
Adroq Cliente X,Search - Genrico FX,Conta FX,conta fx kw4,Palavra-chave,5771,335,931.21,23.51,12225.84,0.864,0.307,0
Adroq Cliente X,Search - Genrico FX,Conta FX,conta fx kw5,Palavra-chave,1352,108,990.99,2.38,682.71,0.443,0.182,0.375
Adroq Cliente X,Search - Genrico FX,Conta FX,conta fx kw6,Palavra-chave,2212,42,319.24,4.93,2336.45,0.418,0.072,0.51
Adroq Cliente X,Search - Genrico FX,Conta FX,termo pesquisa Sear0,Termo de pesquisa,1566,34,279.55,1.57,293.14,,,
Adroq Cliente X,Search - Genrico FX,Conta FX,termo pesquisa Sear1,Termo de pesquisa,1999,68,455.79,5.03,2385.4,,,
Adroq Cliente X,Search - Genrico FX,Conta FX,termo pesquisa Sear2,Termo de pesquisa,660,83,1097.53,2.35,636.11,,,
Adroq Cliente X,Search - Genrico FX,Conta FX,termo pesquisa Sear3,Termo de pesquisa,392,46,553.62,2.97,746.73,,,
Adroq Cliente X,Search - Genrico FX,Corretora,corretora kw1,Palavra-chave,3397,253,2967.48,22.79,6060.46,0.562,0.178,0.26
Adroq Cliente X,Search - Genrico FX,Corretora,corretora kw2,Palavra-chave,674,60,682.59,3.56,850.09,0.624,0.172,0.204
Adroq Cliente X,Search - Genrico FX,Corretora,corretora kw3,Palavra-chave,5926,512,3101.67,15.54,4133.85,0.338,0.102,0.56
Adroq Cliente X,Search - Genrico FX,Corretora,corretora kw4,Palavra-chave,231,11,106.28,1.07,159.98,0.662,0.455,0
Adroq Cliente X,Search - Genrico FX,Corretora,termo pesquisa Sear0,Termo de pesquisa,1029,114,492.57,3.79,1881.46,,,
Adroq Cliente X,Search - Genrico FX,Corretora,termo pesquisa Sear1,Termo de pesquisa,1528,51,409.08,0.81,131.71,,,
Adroq Cliente X,Search - Genrico FX,Corretora,termo pesquisa Sear2,Termo de pesquisa,310,4,15.86,0.27,42.12,,,
Adroq Cliente X,Search - Genrico FX,Alavancagem,alavancagem kw1,Palavra-chave,5941,133,1111.02,0.99,728.12,0.708,0.051,0.241
Adroq Cliente X,Search - Genrico FX,Alavancagem,alavancagem kw2,Palavra-chave,2481,110,1363.65,11.0,2783.6,0.376,0.146,0.478
Adroq Cliente X,Search - Genrico FX,Alavancagem,alavancagem kw3,Palavra-chave,4140,294,1639.01,19.87,15181.47,0.243,0.37,0.387
Adroq Cliente X,Search - Genrico FX,Alavancagem,alavancagem kw4,Palavra-chave,7706,485,5668.72,31.25,23695.45,0.815,0.065,0.12
Adroq Cliente X,Search - Genrico FX,Alavancagem,alavancagem kw5,Palavra-chave,2687,139,241.0,7.73,1779.05,0.203,0.4,0.397
Adroq Cliente X,Search - Genrico FX,Alavancagem,alavancagem kw6,Palavra-chave,3023,64,591.28,1.21,158.07,0.678,0.265,0.057
Adroq Cliente X,Search - Genrico FX,Alavancagem,termo pesquisa Sear0,Termo de pesquisa,1656,100,337.94,2.74,613.75,,,
Adroq Cliente X,Search - Genrico FX,Alavancagem,termo pesquisa Sear1,Termo de pesquisa,1631,13,111.8,0.82,454.68,,,
Adroq Cliente X,Search - Genrico FX,Alavancagem,termo pesquisa Sear2,Termo de pesquisa,957,42,418.44,1.93,849.62,,,
Adroq Cliente X,Search - Genrico FX,Alavancagem,termo pesquisa Sear3,Termo de pesquisa,976,66,589.56,0,0,,,
Adroq Cliente X,Search - Genrico FX,Alavancagem,termo pesquisa Sear4,Termo de pesquisa,1978,32,354.87,2.43,522.42,,,
Adroq Cliente X,PMax - Prop,Asset Group 1,asset group 1 kw1,Palavra-chave,7532,157,474.18,8.77,1223.31,0.368,0.037,0.595
Adroq Cliente X,PMax - Prop,Asset Group 1,asset group 1 kw2,Palavra-chave,5160,375,4767.31,8.54,5698.04,0.662,0.071,0.267
Adroq Cliente X,PMax - Prop,Asset Group 1,asset group 1 kw3,Palavra-chave,2448,213,904.15,24.4,9920.32,0.541,0.495,0
Adroq Cliente X,PMax - Prop,Asset Group 1,asset group 1 kw4,Palavra-chave,3865,88,606.67,5.66,2026.71,0.337,0.159,0.504
Adroq Cliente X,PMax - Prop,Asset Group 1,termo pesquisa PMax0,Termo de pesquisa,89,44,404.92,0,0,,,
Adroq Cliente X,PMax - Prop,Asset Group 1,termo pesquisa PMax1,Termo de pesquisa,87,50,315.47,2.29,259.76,,,
Adroq Cliente X,PMax - Prop,Asset Group 1,termo pesquisa PMax2,Termo de pesquisa,1931,101,502.09,1.6,354.24,,,
Adroq Cliente X,PMax - Prop,Asset Group 1,termo pesquisa PMax3,Termo de pesquisa,1905,100,436.02,6.74,3516.84,,,
Adroq Cliente X,PMax - Prop,Asset Group 2,asset group 2 kw1,Palavra-chave,6851,150,1948.45,10.59,6929.49,0.263,0.029,0.708
Adroq Cliente X,PMax - Prop,Asset Group 2,asset group 2 kw2,Palavra-chave,3203,141,339.13,15.92,9555.83,0.761,0.042,0.197
Adroq Cliente X,PMax - Prop,Asset Group 2,asset group 2 kw3,Palavra-chave,3843,58,712.51,3.32,1188.91,0.587,0.463,0
Adroq Cliente X,PMax - Prop,Asset Group 2,asset group 2 kw4,Palavra-chave,4588,274,558.98,23.73,20153.02,0.878,0.131,0
Adroq Cliente X,PMax - Prop,Asset Group 2,asset group 2 kw5,Palavra-chave,3167,82,442.79,3.29,2312.17,0.403,0.25,0.347
Adroq Cliente X,PMax - Prop,Asset Group 2,termo pesquisa PMax0,Termo de pesquisa,604,45,560.15,0.57,51.06,,,
Adroq Cliente X,PMax - Prop,Asset Group 2,termo pesquisa PMax1,Termo de pesquisa,1085,71,1044.74,1.93,603.06,,,
Adroq Cliente X,PMax - Prop,Asset Group 2,termo pesquisa PMax2,Termo de pesquisa,1398,105,1097.39,5.06,2743.22,,,
Adroq Cliente X,Display - Remkt,Remkt 30d,remkt 30d kw1,Palavra-chave,3725,330,1908.66,33.24,21922.27,0.645,0.202,0.153
Adroq Cliente X,Display - Remkt,Remkt 30d,remkt 30d kw2,Palavra-chave,5894,521,6232.39,3.46,2051.32,0.816,0.215,0
Adroq Cliente X,Display - Remkt,Remkt 30d,remkt 30d kw3,Palavra-chave,1107,18,216.29,1.89,1190.41,0.397,0.121,0.482
Adroq Cliente X,Display - Remkt,Remkt 30d,remkt 30d kw4,Palavra-chave,5001,68,259.55,2.44,202.45,0.455,0.164,0.381
Adroq Cliente X,Display - Remkt,Remkt 30d,remkt 30d kw5,Palavra-chave,5500,162,2198.48,6.58,2450.38,0.201,0.191,0.608
Adroq Cliente X,Display - Remkt,Remkt 30d,termo pesquisa Disp0,Termo de pesquisa,621,65,684.34,0,0,,,
Adroq Cliente X,Display - Remkt,Remkt 30d,termo pesquisa Disp1,Termo de pesquisa,1639,1,3.18,0.02,7.7,,,
Adroq Cliente X,Display - Remkt,Remkt 30d,termo pesquisa Disp2,Termo de pesquisa,856,3,17.69,0.05,28.9,,,
Adroq Cliente X,Display - Remkt,Remkt 30d,termo pesquisa Disp3,Termo de pesquisa,1797,97,389.77,6.29,2454.43,,,
Adroq Cliente X,Display - Remkt,Remkt 30d,termo pesquisa Disp4,Termo de pesquisa,1615,42,477.49,0,0,,,
Adroq Cliente X,Display - Remkt,Remkt 90d,remkt 90d kw1,Palavra-chave,2571,34,406.0,3.66,2175.55,0.714,0.406,0
Adroq Cliente X,Display - Remkt,Remkt 90d,remkt 90d kw2,Palavra-chave,2482,205,2236.72,14.43,10773.18,0.211,0.343,0.446
Adroq Cliente X,Display - Remkt,Remkt 90d,remkt 90d kw3,Palavra-chave,3967,66,133.54,5.17,4481.37,0.464,0.226,0.31
Adroq Cliente X,Display - Remkt,Remkt 90d,remkt 90d kw4,Palavra-chave,1031,62,578.33,5.16,2483.1,0.202,0.399,0.399
Adroq Cliente X,Display - Remkt,Remkt 90d,remkt 90d kw5,Palavra-chave,8440,690,1828.0,45.19,31248.74,0.532,0.405,0.063
Adroq Cliente X,Display - Remkt,Remkt 90d,termo pesquisa Disp0,Termo de pesquisa,530,94,1112.37,0,0,,,
Adroq Cliente X,Display - Remkt,Remkt 90d,termo pesquisa Disp1,Termo de pesquisa,1381,59,496.86,0,0,,,
Adroq Cliente X,Display - Remkt,Remkt 90d,termo pesquisa Disp2,Termo de pesquisa,1031,117,1273.9,6.22,2576.55,,,
Adroq Cliente X,Display - Remkt,Remkt 90d,termo pesquisa Disp3,Termo de pesquisa,208,77,301.57,0,0,,,
